{
    "data" : [
      {
          "name": "Item1",
          "url": "/item1"
      },
      {
        "name": "Item2",
        "url": "/item2"
      },
      {
        "name": "Item3",
        "children": [
          {
            "name": "Child31",
            "url": "/child31"
          },
          {
            "name": "Child32",
            "url": "/child32"
          },
          {
            "name": "Child32",
            "url": "/child32"
          }
        ]
      },
      {
        "name": "RECEPCION",
        "children": [
          {
            "name": "Captura",
            "url": "/child41"
          },
          {
            "name": "Formatos",
            "children": [
              {
                "name": "Listado",
                "url": "/child431"
              },
              {
                "name": "Indicadores",
                "url": "/child432,"
              }
           
            ]

          },
 {
            "name": "Bitacora",
            "url": "/child41"
          }

        ]
      }
    ]
  }